<?xml version="1.0" encoding="UTF-8"?>
<export version="D">
  <design>
    <source>C:\Users\vivek\Desktop\KiCAD Projects\LM317 CC CV Power Supply\LM317 CC CV Power Supply.sch</source>
    <date>12/10/20 14:48:38</date>
    <tool>Eeschema (5.1.6)-1</tool>
    <sheet number="1" name="/" tstamps="/">
      <title_block>
        <title>NNNI &amp; Curiosity's Simple CC/CV Power Supply</title>
        <company/>
        <rev>1</rev>
        <date>8th December, 2020, Tuesday</date>
        <source>LM317 CC CV Power Supply.sch</source>
        <comment number="1" value=""/>
        <comment number="2" value=""/>
        <comment number="3" value=""/>
        <comment number="4" value=""/>
      </title_block>
    </sheet>
  </design>
  <components>
    <comp ref="U2">
      <value>LM317</value>
      <footprint>Package_TO_SOT_SMD:TO-252-2</footprint>
      <datasheet>http://www.ti.com/lit/ds/snvs774n/snvs774n.pdf</datasheet>
      <fields>
        <field name="LCSC Part #"> C75510</field>
      </fields>
      <libsource lib="Regulator_Linear" part="LM317_TO-252" description="1.5A 35V Adjustable Linear Regulator, TO-252"/>
      <sheetpath names="/" tstamps="/"/>
      <tstamp>5FCF71ED</tstamp>
    </comp>
    <comp ref="R13">
      <value>0R1</value>
      <footprint>Resistor_SMD:R_1206_3216Metric</footprint>
      <datasheet>~</datasheet>
      <fields>
        <field name="LCSC Part #"> C25334</field>
      </fields>
      <libsource lib="Device" part="R" description="Resistor"/>
      <sheetpath names="/" tstamps="/"/>
      <tstamp>5FCF7D21</tstamp>
    </comp>
    <comp ref="R11">
      <value>10K</value>
      <footprint>Resistor_SMD:R_0603_1608Metric</footprint>
      <datasheet>~</datasheet>
      <fields>
        <field name="LCSC Part #">C25804</field>
      </fields>
      <libsource lib="Device" part="R" description="Resistor"/>
      <sheetpath names="/" tstamps="/"/>
      <tstamp>5FCF827C</tstamp>
    </comp>
    <comp ref="R14">
      <value>10K</value>
      <footprint>Resistor_SMD:R_0603_1608Metric</footprint>
      <datasheet>~</datasheet>
      <fields>
        <field name="LCSC Part #">C25804</field>
      </fields>
      <libsource lib="Device" part="R" description="Resistor"/>
      <sheetpath names="/" tstamps="/"/>
      <tstamp>5FCF8502</tstamp>
    </comp>
    <comp ref="R12">
      <value>100K</value>
      <footprint>Resistor_SMD:R_0603_1608Metric</footprint>
      <datasheet>~</datasheet>
      <fields>
        <field name="LCSC Part #"> C25803</field>
      </fields>
      <libsource lib="Device" part="R" description="Resistor"/>
      <sheetpath names="/" tstamps="/"/>
      <tstamp>5FCF86D2</tstamp>
    </comp>
    <comp ref="R15">
      <value>100K</value>
      <footprint>Resistor_SMD:R_0603_1608Metric</footprint>
      <datasheet>~</datasheet>
      <fields>
        <field name="LCSC Part #"> C25803</field>
      </fields>
      <libsource lib="Device" part="R" description="Resistor"/>
      <sheetpath names="/" tstamps="/"/>
      <tstamp>5FCF888D</tstamp>
    </comp>
    <comp ref="U1">
      <value>LM358</value>
      <footprint>Package_SO:SOIC-8-1EP_3.9x4.9mm_P1.27mm_EP2.29x3mm</footprint>
      <fields>
        <field name="LCSC Part #">C7950</field>
      </fields>
      <libsource lib="Device" part="Opamp_Dual_Generic" description="Dual operational amplifier"/>
      <sheetpath names="/" tstamps="/"/>
      <tstamp>5FCF8E17</tstamp>
    </comp>
    <comp ref="C10">
      <value>100pF</value>
      <footprint>Capacitor_SMD:C_0603_1608Metric_Pad1.05x0.95mm_HandSolder</footprint>
      <datasheet>~</datasheet>
      <fields>
        <field name="LCSC Part #"> C14858</field>
      </fields>
      <libsource lib="Device" part="C" description="Unpolarized capacitor"/>
      <sheetpath names="/" tstamps="/"/>
      <tstamp>5FD00C34</tstamp>
    </comp>
    <comp ref="C12">
      <value>100pF</value>
      <footprint>Capacitor_SMD:C_0603_1608Metric_Pad1.05x0.95mm_HandSolder</footprint>
      <datasheet>~</datasheet>
      <fields>
        <field name="LCSC Part #"> C14858</field>
      </fields>
      <libsource lib="Device" part="C" description="Unpolarized capacitor"/>
      <sheetpath names="/" tstamps="/"/>
      <tstamp>5FD031BA</tstamp>
    </comp>
    <comp ref="RV2">
      <value>10K</value>
      <footprint>Connector_PinHeader_2.54mm:PinHeader_1x03_P2.54mm_Vertical</footprint>
      <datasheet>~</datasheet>
      <libsource lib="Device" part="R_POT" description="Potentiometer"/>
      <sheetpath names="/" tstamps="/"/>
      <tstamp>5FD0B80C</tstamp>
    </comp>
    <comp ref="R4">
      <value>100R</value>
      <footprint>Resistor_SMD:R_0603_1608Metric</footprint>
      <datasheet>~</datasheet>
      <fields>
        <field name="LCSC Part #"> C22775</field>
      </fields>
      <libsource lib="Device" part="R" description="Resistor"/>
      <sheetpath names="/" tstamps="/"/>
      <tstamp>5FD0E8D2</tstamp>
    </comp>
    <comp ref="R3">
      <value>2K2</value>
      <footprint>Resistor_SMD:R_0603_1608Metric</footprint>
      <datasheet>~</datasheet>
      <fields>
        <field name="LCSC Part #"> C4190</field>
      </fields>
      <libsource lib="Device" part="R" description="Resistor"/>
      <sheetpath names="/" tstamps="/"/>
      <tstamp>5FD0F53A</tstamp>
    </comp>
    <comp ref="RV1">
      <value>10K</value>
      <footprint>Connector_PinHeader_2.54mm:PinHeader_1x03_P2.54mm_Vertical</footprint>
      <datasheet>~</datasheet>
      <libsource lib="Device" part="R_POT" description="Potentiometer"/>
      <sheetpath names="/" tstamps="/"/>
      <tstamp>5FD0F659</tstamp>
    </comp>
    <comp ref="Q3">
      <value>S9015</value>
      <footprint>Package_TO_SOT_SMD:SOT-23</footprint>
      <datasheet>~</datasheet>
      <fields>
        <field name="LCSC Part #"> C2149</field>
      </fields>
      <libsource lib="Device" part="Q_PNP_BEC" description="PNP transistor, base/emitter/collector"/>
      <sheetpath names="/" tstamps="/"/>
      <tstamp>5FD10CB9</tstamp>
    </comp>
    <comp ref="C9">
      <value>10uF</value>
      <footprint>Capacitor_SMD:C_1206_3216Metric</footprint>
      <datasheet>~</datasheet>
      <fields>
        <field name="LCSC Part #">C13585</field>
      </fields>
      <libsource lib="Device" part="C" description="Unpolarized capacitor"/>
      <sheetpath names="/" tstamps="/"/>
      <tstamp>5FD2C694</tstamp>
    </comp>
    <comp ref="C5">
      <value>10uF</value>
      <footprint>Capacitor_SMD:C_1206_3216Metric</footprint>
      <datasheet>~</datasheet>
      <fields>
        <field name="LCSC Part #">C13585</field>
      </fields>
      <libsource lib="Device" part="C" description="Unpolarized capacitor"/>
      <sheetpath names="/" tstamps="/"/>
      <tstamp>5FD3175E</tstamp>
    </comp>
    <comp ref="Q4">
      <value>MMBT3904</value>
      <footprint>Package_TO_SOT_SMD:SOT-23</footprint>
      <datasheet>~</datasheet>
      <fields>
        <field name="LCSC Part #"> C20526</field>
      </fields>
      <libsource lib="Device" part="Q_NPN_BEC" description="NPN transistor, base/emitter/collector"/>
      <sheetpath names="/" tstamps="/"/>
      <tstamp>5FD3F3D4</tstamp>
    </comp>
    <comp ref="R10">
      <value>10K</value>
      <footprint>Resistor_SMD:R_0603_1608Metric</footprint>
      <datasheet>~</datasheet>
      <fields>
        <field name="LCSC Part #">C25804</field>
      </fields>
      <libsource lib="Device" part="R" description="Resistor"/>
      <sheetpath names="/" tstamps="/"/>
      <tstamp>5FD4722A</tstamp>
    </comp>
    <comp ref="Q2">
      <value>B772</value>
      <footprint>Package_TO_SOT_SMD:SOT-89-3</footprint>
      <datasheet>~</datasheet>
      <fields>
        <field name="LCSC Part #"> C24278</field>
      </fields>
      <libsource lib="Device" part="Q_PNP_BCE" description="PNP transistor, base/collector/emitter"/>
      <sheetpath names="/" tstamps="/"/>
      <tstamp>5FD5568B</tstamp>
    </comp>
    <comp ref="Q1">
      <value>B772</value>
      <footprint>Package_TO_SOT_SMD:SOT-89-3</footprint>
      <datasheet>~</datasheet>
      <fields>
        <field name="LCSC Part #"> C24278</field>
      </fields>
      <libsource lib="Device" part="Q_PNP_BCE" description="PNP transistor, base/collector/emitter"/>
      <sheetpath names="/" tstamps="/"/>
      <tstamp>5FD560CC</tstamp>
    </comp>
    <comp ref="R6">
      <value>1R</value>
      <footprint>Resistor_SMD:R_1206_3216Metric</footprint>
      <datasheet>~</datasheet>
      <fields>
        <field name="LCSC Part #"> C17928</field>
      </fields>
      <libsource lib="Device" part="R" description="Resistor"/>
      <sheetpath names="/" tstamps="/"/>
      <tstamp>5FD73ADE</tstamp>
    </comp>
    <comp ref="R9">
      <value>1R</value>
      <footprint>Resistor_SMD:R_1206_3216Metric</footprint>
      <datasheet>~</datasheet>
      <fields>
        <field name="LCSC Part #"> C17928</field>
      </fields>
      <libsource lib="Device" part="R" description="Resistor"/>
      <sheetpath names="/" tstamps="/"/>
      <tstamp>5FD73D00</tstamp>
    </comp>
    <comp ref="C8">
      <value>100nF</value>
      <footprint>Capacitor_SMD:C_0603_1608Metric</footprint>
      <datasheet>~</datasheet>
      <fields>
        <field name="LCSC Part #">C14663</field>
      </fields>
      <libsource lib="Device" part="C" description="Unpolarized capacitor"/>
      <sheetpath names="/" tstamps="/"/>
      <tstamp>5FD77332</tstamp>
    </comp>
    <comp ref="C6">
      <value>100nF</value>
      <footprint>Capacitor_SMD:C_0603_1608Metric</footprint>
      <datasheet>~</datasheet>
      <fields>
        <field name="LCSC Part #">C14663</field>
      </fields>
      <libsource lib="Device" part="C" description="Unpolarized capacitor"/>
      <sheetpath names="/" tstamps="/"/>
      <tstamp>5FD77655</tstamp>
    </comp>
    <comp ref="R2">
      <value>1R</value>
      <footprint>Resistor_SMD:R_1206_3216Metric</footprint>
      <datasheet>~</datasheet>
      <fields>
        <field name="LCSC Part #"> C17928</field>
      </fields>
      <libsource lib="Device" part="R" description="Resistor"/>
      <sheetpath names="/" tstamps="/"/>
      <tstamp>5FDB7B1B</tstamp>
    </comp>
    <comp ref="C7">
      <value>100pF</value>
      <footprint>Capacitor_SMD:C_0603_1608Metric</footprint>
      <datasheet>~</datasheet>
      <fields>
        <field name="LCSC Part #"> C14858</field>
      </fields>
      <libsource lib="Device" part="C" description="Unpolarized capacitor"/>
      <sheetpath names="/" tstamps="/"/>
      <tstamp>5FDE5D5D</tstamp>
    </comp>
    <comp ref="R7">
      <value>1R</value>
      <footprint>Resistor_SMD:R_1206_3216Metric</footprint>
      <datasheet>~</datasheet>
      <fields>
        <field name="LCSC Part #"> C17928</field>
      </fields>
      <libsource lib="Device" part="R" description="Resistor"/>
      <sheetpath names="/" tstamps="/"/>
      <tstamp>5FE117F6</tstamp>
    </comp>
    <comp ref="R8">
      <value>1R</value>
      <footprint>Resistor_SMD:R_1206_3216Metric</footprint>
      <datasheet>~</datasheet>
      <fields>
        <field name="LCSC Part #"> C17928</field>
      </fields>
      <libsource lib="Device" part="R" description="Resistor"/>
      <sheetpath names="/" tstamps="/"/>
      <tstamp>5FE11B9E</tstamp>
    </comp>
    <comp ref="C4">
      <value>10uF</value>
      <footprint>Capacitor_SMD:C_1206_3216Metric</footprint>
      <datasheet>~</datasheet>
      <fields>
        <field name="LCSC Part #">C13585</field>
      </fields>
      <libsource lib="Device" part="C" description="Unpolarized capacitor"/>
      <sheetpath names="/" tstamps="/"/>
      <tstamp>5FE39DD7</tstamp>
    </comp>
    <comp ref="C3">
      <value>10uF</value>
      <footprint>Capacitor_SMD:C_1206_3216Metric</footprint>
      <datasheet>~</datasheet>
      <fields>
        <field name="LCSC Part #">C13585</field>
      </fields>
      <libsource lib="Device" part="C" description="Unpolarized capacitor"/>
      <sheetpath names="/" tstamps="/"/>
      <tstamp>5FE3A05D</tstamp>
    </comp>
    <comp ref="C1">
      <value>100uF</value>
      <footprint>Capacitor_THT:CP_Radial_D8.0mm_P3.50mm</footprint>
      <datasheet>~</datasheet>
      <libsource lib="Device" part="CP" description="Polarized capacitor"/>
      <sheetpath names="/" tstamps="/"/>
      <tstamp>5FE62ED2</tstamp>
    </comp>
    <comp ref="C17">
      <value>10uF</value>
      <footprint>Capacitor_SMD:C_1206_3216Metric</footprint>
      <datasheet>~</datasheet>
      <fields>
        <field name="LCSC Part #">C13585</field>
      </fields>
      <libsource lib="Device" part="C" description="Unpolarized capacitor"/>
      <sheetpath names="/" tstamps="/"/>
      <tstamp>5FE76716</tstamp>
    </comp>
    <comp ref="C16">
      <value>10uF</value>
      <footprint>Capacitor_SMD:C_1206_3216Metric</footprint>
      <datasheet>~</datasheet>
      <fields>
        <field name="LCSC Part #">C13585</field>
      </fields>
      <libsource lib="Device" part="C" description="Unpolarized capacitor"/>
      <sheetpath names="/" tstamps="/"/>
      <tstamp>5FE76724</tstamp>
    </comp>
    <comp ref="C14">
      <value>10uF</value>
      <footprint>Capacitor_SMD:C_1206_3216Metric</footprint>
      <datasheet>~</datasheet>
      <fields>
        <field name="LCSC Part #">C13585</field>
      </fields>
      <libsource lib="Device" part="C" description="Unpolarized capacitor"/>
      <sheetpath names="/" tstamps="/"/>
      <tstamp>5FE7672A</tstamp>
    </comp>
    <comp ref="C13">
      <value>100uF</value>
      <footprint>Capacitor_THT:CP_Radial_D8.0mm_P3.50mm</footprint>
      <datasheet>~</datasheet>
      <libsource lib="Device" part="CP" description="Polarized capacitor"/>
      <sheetpath names="/" tstamps="/"/>
      <tstamp>5FE76740</tstamp>
    </comp>
    <comp ref="C2">
      <value>10uF</value>
      <footprint>Capacitor_SMD:C_0805_2012Metric</footprint>
      <datasheet>~</datasheet>
      <fields>
        <field name="LCSC Part #">C15850</field>
      </fields>
      <libsource lib="Device" part="C" description="Unpolarized capacitor"/>
      <sheetpath names="/" tstamps="/"/>
      <tstamp>5FE998C0</tstamp>
    </comp>
    <comp ref="R1">
      <value>10R</value>
      <footprint>Resistor_SMD:R_0603_1608Metric</footprint>
      <datasheet>~</datasheet>
      <fields>
        <field name="LCSC Part #"> C22859</field>
      </fields>
      <libsource lib="Device" part="R" description="Resistor"/>
      <sheetpath names="/" tstamps="/"/>
      <tstamp>5FEAA3FD</tstamp>
    </comp>
    <comp ref="D2">
      <value>M7</value>
      <footprint>Diode_SMD:D_SMA</footprint>
      <datasheet>~</datasheet>
      <fields>
        <field name="LCSC Part #"> C95872</field>
      </fields>
      <libsource lib="Device" part="D" description="Diode"/>
      <sheetpath names="/" tstamps="/"/>
      <tstamp>5FEE9DC7</tstamp>
    </comp>
    <comp ref="D1">
      <value>M7</value>
      <footprint>Diode_SMD:D_SMA</footprint>
      <datasheet>~</datasheet>
      <fields>
        <field name="LCSC Part #"> C95872</field>
      </fields>
      <libsource lib="Device" part="D" description="Diode"/>
      <sheetpath names="/" tstamps="/"/>
      <tstamp>5FF15AF7</tstamp>
    </comp>
    <comp ref="U3">
      <value>TL431</value>
      <footprint>Package_TO_SOT_SMD:SOT-23</footprint>
      <datasheet>http://www.ti.com/lit/ds/symlink/tl431.pdf</datasheet>
      <fields>
        <field name="LCSC Part #">C3113</field>
      </fields>
      <libsource lib="Reference_Voltage" part="TL431DBZ" description="Shunt Regulator, SOT-23"/>
      <sheetpath names="/" tstamps="/"/>
      <tstamp>5FF3B715</tstamp>
    </comp>
    <comp ref="C11">
      <value>100nF</value>
      <footprint>Capacitor_SMD:C_0603_1608Metric_Pad1.05x0.95mm_HandSolder</footprint>
      <datasheet>~</datasheet>
      <fields>
        <field name="LCSC Part #">C14663</field>
      </fields>
      <libsource lib="Device" part="C" description="Unpolarized capacitor"/>
      <sheetpath names="/" tstamps="/"/>
      <tstamp>5FF3C252</tstamp>
    </comp>
    <comp ref="R17">
      <value>47K</value>
      <footprint>Resistor_SMD:R_0603_1608Metric</footprint>
      <datasheet>~</datasheet>
      <fields>
        <field name="LCSC Part #"> C25819</field>
      </fields>
      <libsource lib="Device" part="R" description="Resistor"/>
      <sheetpath names="/" tstamps="/"/>
      <tstamp>5FF5A8EB</tstamp>
    </comp>
    <comp ref="R16">
      <value>10K</value>
      <footprint>Resistor_SMD:R_0603_1608Metric</footprint>
      <datasheet>~</datasheet>
      <fields>
        <field name="LCSC Part #">C25804</field>
      </fields>
      <libsource lib="Device" part="R" description="Resistor"/>
      <sheetpath names="/" tstamps="/"/>
      <tstamp>5FFC7FFD</tstamp>
    </comp>
    <comp ref="C15">
      <value>100nF</value>
      <footprint>Capacitor_SMD:C_0603_1608Metric</footprint>
      <datasheet>~</datasheet>
      <fields>
        <field name="LCSC Part #">C14663</field>
      </fields>
      <libsource lib="Device" part="C" description="Unpolarized capacitor"/>
      <sheetpath names="/" tstamps="/"/>
      <tstamp>5FFFAEAD</tstamp>
    </comp>
    <comp ref="R5">
      <value>1K</value>
      <footprint>Resistor_SMD:R_1206_3216Metric</footprint>
      <datasheet>~</datasheet>
      <fields>
        <field name="LCSC Part #">C4410</field>
      </fields>
      <libsource lib="Device" part="R" description="Resistor"/>
      <sheetpath names="/" tstamps="/"/>
      <tstamp>60024699</tstamp>
    </comp>
    <comp ref="Q6">
      <value>S9015</value>
      <footprint>Package_TO_SOT_SMD:SOT-23</footprint>
      <datasheet>~</datasheet>
      <fields>
        <field name="LCSC Part #"> C2149</field>
      </fields>
      <libsource lib="Device" part="Q_PNP_BEC" description="PNP transistor, base/emitter/collector"/>
      <sheetpath names="/" tstamps="/"/>
      <tstamp>5FD220B1</tstamp>
    </comp>
    <comp ref="Q5">
      <value>S9015</value>
      <footprint>Package_TO_SOT_SMD:SOT-23</footprint>
      <datasheet>~</datasheet>
      <fields>
        <field name="LCSC Part #"> C2149</field>
      </fields>
      <libsource lib="Device" part="Q_PNP_BEC" description="PNP transistor, base/emitter/collector"/>
      <sheetpath names="/" tstamps="/"/>
      <tstamp>5FD227C3</tstamp>
    </comp>
    <comp ref="R21">
      <value>1K5</value>
      <footprint>Resistor_SMD:R_0603_1608Metric</footprint>
      <datasheet>~</datasheet>
      <fields>
        <field name="LCSC Part #">C22843</field>
      </fields>
      <libsource lib="Device" part="R" description="Resistor"/>
      <sheetpath names="/" tstamps="/"/>
      <tstamp>5FD23503</tstamp>
    </comp>
    <comp ref="R20">
      <value>2K2</value>
      <footprint>Resistor_SMD:R_0603_1608Metric</footprint>
      <datasheet>~</datasheet>
      <fields>
        <field name="LCSC Part #"> C4190</field>
      </fields>
      <libsource lib="Device" part="R" description="Resistor"/>
      <sheetpath names="/" tstamps="/"/>
      <tstamp>5FD242F2</tstamp>
    </comp>
    <comp ref="R18">
      <value>1K2</value>
      <footprint>Resistor_SMD:R_0603_1608Metric</footprint>
      <datasheet>~</datasheet>
      <fields>
        <field name="LCSC Part #"> C22765</field>
      </fields>
      <libsource lib="Device" part="R" description="Resistor"/>
      <sheetpath names="/" tstamps="/"/>
      <tstamp>5FD24535</tstamp>
    </comp>
    <comp ref="JP1">
      <value>FB SEL</value>
      <footprint>Jumper:SolderJumper-3_P1.3mm_Open_RoundedPad1.0x1.5mm_NumberLabels</footprint>
      <datasheet>~</datasheet>
      <libsource lib="Jumper" part="SolderJumper_3_Open" description="Solder Jumper, 3-pole, open"/>
      <sheetpath names="/" tstamps="/"/>
      <tstamp>5FD326B1</tstamp>
    </comp>
    <comp ref="R19">
      <value>2K2</value>
      <footprint>Resistor_SMD:R_0603_1608Metric</footprint>
      <datasheet>~</datasheet>
      <fields>
        <field name="LCSC Part #"> C4190</field>
      </fields>
      <libsource lib="Device" part="R" description="Resistor"/>
      <sheetpath names="/" tstamps="/"/>
      <tstamp>5FE990CC</tstamp>
    </comp>
  </components>
  <libparts>
    <libpart lib="Device" part="C">
      <description>Unpolarized capacitor</description>
      <docs>~</docs>
      <footprints>
        <fp>C_*</fp>
      </footprints>
      <fields>
        <field name="Reference">C</field>
        <field name="Value">C</field>
      </fields>
      <pins>
        <pin num="1" name="~" type="passive"/>
        <pin num="2" name="~" type="passive"/>
      </pins>
    </libpart>
    <libpart lib="Device" part="CP">
      <description>Polarized capacitor</description>
      <docs>~</docs>
      <footprints>
        <fp>CP_*</fp>
      </footprints>
      <fields>
        <field name="Reference">C</field>
        <field name="Value">CP</field>
      </fields>
      <pins>
        <pin num="1" name="~" type="passive"/>
        <pin num="2" name="~" type="passive"/>
      </pins>
    </libpart>
    <libpart lib="Device" part="D">
      <description>Diode</description>
      <docs>~</docs>
      <footprints>
        <fp>TO-???*</fp>
        <fp>*_Diode_*</fp>
        <fp>*SingleDiode*</fp>
        <fp>D_*</fp>
      </footprints>
      <fields>
        <field name="Reference">D</field>
        <field name="Value">D</field>
      </fields>
      <pins>
        <pin num="1" name="K" type="passive"/>
        <pin num="2" name="A" type="passive"/>
      </pins>
    </libpart>
    <libpart lib="Device" part="Opamp_Dual_Generic">
      <description>Dual operational amplifier</description>
      <docs>~</docs>
      <footprints>
        <fp>SOIC*3.9x4.9mm*P1.27mm*</fp>
        <fp>DIP*W7.62mm*</fp>
        <fp>MSOP*3x3mm*P0.65mm*</fp>
        <fp>SSOP*2.95x2.8mm*P0.65mm*</fp>
        <fp>TSSOP*3x3mm*P0.65mm*</fp>
        <fp>VSSOP*P0.5mm*</fp>
        <fp>TO?99*</fp>
      </footprints>
      <fields>
        <field name="Reference">U</field>
        <field name="Value">Opamp_Dual_Generic</field>
      </fields>
      <pins>
        <pin num="1" name="~" type="output"/>
        <pin num="2" name="-" type="input"/>
        <pin num="3" name="+" type="input"/>
        <pin num="4" name="V-" type="power_in"/>
        <pin num="5" name="+" type="input"/>
        <pin num="6" name="-" type="input"/>
        <pin num="7" name="~" type="output"/>
        <pin num="8" name="V+" type="power_in"/>
      </pins>
    </libpart>
    <libpart lib="Device" part="Q_NPN_BEC">
      <description>NPN transistor, base/emitter/collector</description>
      <docs>~</docs>
      <fields>
        <field name="Reference">Q</field>
        <field name="Value">Q_NPN_BEC</field>
      </fields>
      <pins>
        <pin num="1" name="B" type="input"/>
        <pin num="2" name="E" type="passive"/>
        <pin num="3" name="C" type="passive"/>
      </pins>
    </libpart>
    <libpart lib="Device" part="Q_PNP_BCE">
      <description>PNP transistor, base/collector/emitter</description>
      <docs>~</docs>
      <fields>
        <field name="Reference">Q</field>
        <field name="Value">Q_PNP_BCE</field>
      </fields>
      <pins>
        <pin num="1" name="B" type="input"/>
        <pin num="2" name="C" type="passive"/>
        <pin num="3" name="E" type="passive"/>
      </pins>
    </libpart>
    <libpart lib="Device" part="Q_PNP_BEC">
      <description>PNP transistor, base/emitter/collector</description>
      <docs>~</docs>
      <fields>
        <field name="Reference">Q</field>
        <field name="Value">Q_PNP_BEC</field>
      </fields>
      <pins>
        <pin num="1" name="B" type="input"/>
        <pin num="2" name="E" type="passive"/>
        <pin num="3" name="C" type="passive"/>
      </pins>
    </libpart>
    <libpart lib="Device" part="R">
      <description>Resistor</description>
      <docs>~</docs>
      <footprints>
        <fp>R_*</fp>
      </footprints>
      <fields>
        <field name="Reference">R</field>
        <field name="Value">R</field>
      </fields>
      <pins>
        <pin num="1" name="~" type="passive"/>
        <pin num="2" name="~" type="passive"/>
      </pins>
    </libpart>
    <libpart lib="Device" part="R_POT">
      <description>Potentiometer</description>
      <docs>~</docs>
      <footprints>
        <fp>Potentiometer*</fp>
      </footprints>
      <fields>
        <field name="Reference">RV</field>
        <field name="Value">R_POT</field>
      </fields>
      <pins>
        <pin num="1" name="1" type="passive"/>
        <pin num="2" name="2" type="passive"/>
        <pin num="3" name="3" type="passive"/>
      </pins>
    </libpart>
    <libpart lib="Jumper" part="SolderJumper_3_Open">
      <description>Solder Jumper, 3-pole, open</description>
      <docs>~</docs>
      <footprints>
        <fp>SolderJumper*Open*</fp>
      </footprints>
      <fields>
        <field name="Reference">JP</field>
        <field name="Value">SolderJumper_3_Open</field>
      </fields>
      <pins>
        <pin num="1" name="A" type="passive"/>
        <pin num="2" name="C" type="input"/>
        <pin num="3" name="B" type="passive"/>
      </pins>
    </libpart>
    <libpart lib="Reference_Voltage" part="TL431DBZ">
      <description>Shunt Regulator, SOT-23</description>
      <docs>http://www.ti.com/lit/ds/symlink/tl431.pdf</docs>
      <footprints>
        <fp>SOT?23*</fp>
      </footprints>
      <fields>
        <field name="Reference">U</field>
        <field name="Value">TL431DBZ</field>
        <field name="Footprint">Package_TO_SOT_SMD:SOT-23</field>
      </fields>
      <pins>
        <pin num="1" name="K" type="passive"/>
        <pin num="2" name="REF" type="passive"/>
        <pin num="3" name="A" type="passive"/>
      </pins>
    </libpart>
    <libpart lib="Regulator_Linear" part="LM317_TO-252">
      <aliases>
        <alias>AZ1117D-ADJ</alias>
      </aliases>
      <description>1.5A 35V Adjustable Linear Regulator, TO-252</description>
      <docs>http://www.ti.com/lit/ds/snvs774n/snvs774n.pdf</docs>
      <footprints>
        <fp>TO?252*</fp>
      </footprints>
      <fields>
        <field name="Reference">U</field>
        <field name="Value">LM317_TO-252</field>
        <field name="Footprint">Package_TO_SOT_SMD:TO-252-2</field>
      </fields>
      <pins>
        <pin num="1" name="ADJ" type="input"/>
        <pin num="2" name="VO" type="power_out"/>
        <pin num="3" name="VI" type="power_in"/>
      </pins>
    </libpart>
  </libparts>
  <libraries>
    <library logical="Device">
      <uri>C:\Program Files\KiCad\share\kicad\library/Device.lib</uri>
    </library>
    <library logical="Jumper">
      <uri>C:\Program Files\KiCad\share\kicad\library/Jumper.lib</uri>
    </library>
    <library logical="Reference_Voltage">
      <uri>C:\Program Files\KiCad\share\kicad\library/Reference_Voltage.lib</uri>
    </library>
    <library logical="Regulator_Linear">
      <uri>C:\Program Files\KiCad\share\kicad\library/Regulator_Linear.lib</uri>
    </library>
  </libraries>
  <nets>
    <net code="1" name="INPUT">
      <node ref="Q5" pin="2"/>
      <node ref="R2" pin="2"/>
      <node ref="Q6" pin="2"/>
      <node ref="Q2" pin="3"/>
      <node ref="Q1" pin="3"/>
      <node ref="C4" pin="1"/>
      <node ref="C3" pin="1"/>
      <node ref="D1" pin="1"/>
      <node ref="C1" pin="1"/>
      <node ref="C5" pin="1"/>
      <node ref="R1" pin="2"/>
      <node ref="R17" pin="1"/>
    </net>
    <net code="2" name="GND">
      <node ref="U1" pin="4"/>
      <node ref="R12" pin="2"/>
      <node ref="R18" pin="2"/>
      <node ref="R20" pin="1"/>
      <node ref="RV2" pin="3"/>
      <node ref="R5" pin="2"/>
      <node ref="C15" pin="1"/>
      <node ref="R3" pin="1"/>
      <node ref="Q3" pin="3"/>
      <node ref="RV1" pin="3"/>
      <node ref="C9" pin="2"/>
      <node ref="Q4" pin="2"/>
      <node ref="C5" pin="2"/>
      <node ref="C4" pin="2"/>
      <node ref="C1" pin="2"/>
      <node ref="C16" pin="2"/>
      <node ref="C17" pin="2"/>
      <node ref="C3" pin="2"/>
      <node ref="U3" pin="3"/>
      <node ref="C11" pin="1"/>
      <node ref="C2" pin="2"/>
      <node ref="D2" pin="2"/>
      <node ref="C14" pin="2"/>
      <node ref="C13" pin="2"/>
      <node ref="C10" pin="2"/>
    </net>
    <net code="3" name="Net-(C2-Pad1)">
      <node ref="U1" pin="8"/>
      <node ref="R1" pin="1"/>
      <node ref="C2" pin="1"/>
    </net>
    <net code="4" name="Net-(JP1-Pad1)">
      <node ref="JP1" pin="1"/>
      <node ref="R20" pin="2"/>
    </net>
    <net code="5" name="Net-(JP1-Pad3)">
      <node ref="R18" pin="1"/>
      <node ref="JP1" pin="3"/>
    </net>
    <net code="6" name="OUTPUT">
      <node ref="R13" pin="1"/>
      <node ref="R14" pin="1"/>
      <node ref="D2" pin="1"/>
      <node ref="R21" pin="2"/>
      <node ref="C16" pin="1"/>
      <node ref="C14" pin="1"/>
      <node ref="C13" pin="1"/>
      <node ref="C17" pin="1"/>
    </net>
    <net code="7" name="Net-(Q5-Pad1)">
      <node ref="R21" pin="1"/>
      <node ref="Q5" pin="1"/>
      <node ref="Q6" pin="1"/>
      <node ref="Q6" pin="3"/>
    </net>
    <net code="8" name="Net-(Q5-Pad3)">
      <node ref="Q5" pin="3"/>
      <node ref="R19" pin="1"/>
    </net>
    <net code="9" name="FB">
      <node ref="R19" pin="2"/>
      <node ref="JP1" pin="2"/>
    </net>
    <net code="10" name="Net-(C11-Pad2)">
      <node ref="U1" pin="6"/>
      <node ref="C11" pin="2"/>
      <node ref="R16" pin="1"/>
    </net>
    <net code="11" name="Net-(R16-Pad2)">
      <node ref="RV2" pin="2"/>
      <node ref="R16" pin="2"/>
    </net>
    <net code="12" name="Net-(C15-Pad2)">
      <node ref="U3" pin="2"/>
      <node ref="U3" pin="1"/>
      <node ref="C15" pin="2"/>
      <node ref="RV2" pin="1"/>
      <node ref="R17" pin="2"/>
    </net>
    <net code="13" name="Net-(Q3-Pad1)">
      <node ref="RV1" pin="2"/>
      <node ref="Q3" pin="1"/>
    </net>
    <net code="14" name="Net-(C7-Pad2)">
      <node ref="Q4" pin="3"/>
      <node ref="C7" pin="2"/>
      <node ref="R4" pin="1"/>
      <node ref="U2" pin="1"/>
      <node ref="Q3" pin="2"/>
      <node ref="R3" pin="2"/>
      <node ref="RV1" pin="1"/>
    </net>
    <net code="15" name="Net-(Q4-Pad1)">
      <node ref="Q4" pin="1"/>
      <node ref="R10" pin="1"/>
    </net>
    <net code="16" name="Net-(C12-Pad2)">
      <node ref="C12" pin="2"/>
      <node ref="R15" pin="2"/>
      <node ref="U1" pin="5"/>
      <node ref="U1" pin="1"/>
    </net>
    <net code="17" name="Net-(R10-Pad2)">
      <node ref="U1" pin="7"/>
      <node ref="R10" pin="2"/>
    </net>
    <net code="18" name="Net-(C12-Pad1)">
      <node ref="C12" pin="1"/>
      <node ref="R14" pin="2"/>
      <node ref="U1" pin="2"/>
      <node ref="R15" pin="1"/>
    </net>
    <net code="19" name="Net-(C10-Pad1)">
      <node ref="R11" pin="2"/>
      <node ref="R12" pin="1"/>
      <node ref="U1" pin="3"/>
      <node ref="C10" pin="1"/>
    </net>
    <net code="20" name="Net-(C6-Pad1)">
      <node ref="Q1" pin="2"/>
      <node ref="C6" pin="1"/>
      <node ref="R9" pin="2"/>
      <node ref="R8" pin="2"/>
    </net>
    <net code="21" name="Net-(C8-Pad1)">
      <node ref="R7" pin="2"/>
      <node ref="R6" pin="2"/>
      <node ref="Q2" pin="2"/>
      <node ref="C8" pin="1"/>
    </net>
    <net code="22" name="Net-(C7-Pad1)">
      <node ref="C7" pin="1"/>
      <node ref="R9" pin="1"/>
      <node ref="R6" pin="1"/>
      <node ref="R7" pin="1"/>
      <node ref="C9" pin="1"/>
      <node ref="R4" pin="2"/>
      <node ref="R11" pin="1"/>
      <node ref="R13" pin="2"/>
      <node ref="U2" pin="2"/>
      <node ref="R5" pin="1"/>
      <node ref="R8" pin="1"/>
      <node ref="D1" pin="2"/>
    </net>
    <net code="23" name="Net-(C6-Pad2)">
      <node ref="Q1" pin="1"/>
      <node ref="R2" pin="1"/>
      <node ref="U2" pin="3"/>
      <node ref="C8" pin="2"/>
      <node ref="C6" pin="2"/>
      <node ref="Q2" pin="1"/>
    </net>
  </nets>
</export>
